{
	"bf3m16shot": {
		"category" : "player",
		"sounds" : [ "flansmod:bf3m16shot" ]
	},

	"bf3m16reload": {
		"category" : "player",
		"sounds" : [ "flansmod:bf3m16reload" ]
	},

	"bf3ak-74mshot": {
		"category" : "player",
		"sounds" : [ "flansmod:bf3ak-74mshot" ]
	},

	"bf3ak-74mreload": {
		"category" : "player",
		"sounds" : [ "flansmod:bf3ak-74mreload" ]
	},

	"bf3aks-74ureload": {
		"category" : "player",
		"sounds" : [ "flansmod:bf3aks-74ureload" ]
	},

	"bf3m27-iarreload": {
		"category" : "player",
		"sounds" : [ "flansmod:bf3m27-iarreload" ]
	},

	"bf3rpk-74mreload": {
		"category" : "player",
		"sounds" : [ "flansmod:bf3rpk-74mreload" ]
	},

	"bf3mk11shot": {
		"category" : "player",
		"sounds" : [ "flansmod:bf3mk11shot" ]
	},

	"bf3mk11reload": {
		"category" : "player",
		"sounds" : [ "flansmod:bf3mk11reload" ]
	},

	"bf3svdshot": {
		"category" : "player",
		"sounds" : [ "flansmod:bf3svdshot" ]
	},

	"bf3svdreload": {
		"category" : "player",
		"sounds" : [ "flansmod:bf3svdreload" ]
	},

	"bf3m9shot": {
		"category" : "player",
		"sounds" : [ "flansmod:bf3m9shot" ]
	},

	"bf3m9reload": {
		"category" : "player",
		"sounds" : [ "flansmod:bf3m9reload" ]
	},

	"bf3mp443shot": {
		"category" : "player",
		"sounds" : [ "flansmod:bf3mp443shot" ]
	},

	"bf3mp443reload": {
		"category" : "player",
		"sounds" : [ "flansmod:bf3mp443reload" ]
	},

	"bf3m26shot": {
		"category" : "player",
		"sounds" : [ "flansmod:bf3m26shot" ]
	},

	"bf3m26reload": {
		"category" : "player",
		"sounds" : [ "flansmod:bf3m26reload" ]
	}
}